X,Y,Z,azimuth,dip,polarity,formation
3498247.777,7511300.05,245.0191012,90,9,1,Overburden
3499314.91,7514199.97,221.4434892,270,1,1,Overburden
3498789.985,7512150.01,231.5309348,270,1.5,1,Overburden
3498818,7511750,"	-775.321891",90,13,1,Olivine_Pyroxenite
3498338,7511750,-499.788843,90,23,1,Olivine_Pyroxenite
3496503.272,7511750,25.30680806,90,3,1,Olivine_Pyroxenite
3496343.304,7511750,50.11426024,270,8,1,Olivine_Pyroxenite
3499898,7511750,-11.147808,270,74,1,Olivine_Pyroxenite
